{"file:///d%3A/Galad_ws/YES_teknicSys/ver_2/src/TrajectoryGenerator.cpp":{"language":"C++","code":70,"comment":6,"blank":8},"file:///d%3A/Galad_ws/YES_teknicSys/ver_2/src/ArduinoBLENode.cpp":{"language":"C++","code":43,"comment":5,"blank":8},"file:///d%3A/Galad_ws/YES_teknicSys/ver_2/src/TwincatADSNode.cpp":{"language":"C++","code":29,"comment":6,"blank":3},"file:///d%3A/Galad_ws/YES_teknicSys/ver_2/src/TeknicNode.cpp":{"language":"C++","code":90,"comment":3,"blank":19},"file:///d%3A/Galad_ws/YES_teknicSys/ver_2/src/Robot.cpp":{"language":"C++","code":240,"comment":39,"blank":46},"file:///d%3A/Galad_ws/YES_teknicSys/ver_2/src/GripperController.cpp":{"language":"C++","code":8,"comment":0,"blank":3},"file:///d%3A/Galad_ws/YES_teknicSys/ver_2/src/Main.cpp":{"language":"C++","code":112,"comment":12,"blank":20},"file:///d%3A/Galad_ws/YES_teknicSys/ver_2/src/RailController.cpp":{"language":"C++","code":11,"comment":0,"blank":3},"file:///d%3A/Galad_ws/YES_teknicSys/ver_2/src/EndEffectorController.cpp":{"language":"C++","code":0,"comment":0,"blank":1},"file:///d%3A/Galad_ws/YES_teknicSys/ver_2/src/CableController.cpp":{"language":"C++","code":139,"comment":11,"blank":8}}